id,searchQuery,searchClicks,contentType
42,gizmo,13440,a
66,airpods,12647,a
175,gear4,12452,a
61,apple airpods,6341,a
105,sim card,5853,a
90,jetpack,5266,a
138,hot spot,4750,a
140,screen protector,4011,a
112,network extender,2719,a
432,cases,2310,a
275,jet pack,2302,a
188,wireless charger,1965,a
277,iphone xr case,1964,a
245,headphones,1899,a
190,apple pencil,1724,a
304,beats,1700,a
262,airpod,1625,a
312,iphone xr cases,1624,a
216,fitbit,1579,a
343,esim,1570,a
293,hum,1521,a
311,sim,1491,a
194,bluetooth headset,1354,a
478,macbook,1256,a
384,laptop,1216,a
766,zagg,1155,a
230,verizon jetpack,1148,a
330,home phone,1129,a
399,charger,1094,a
731,otterbox,1062,a
285,moto mods,1028,a
499,phone case,1006,a
347,galaxy buds,967,a
332,arlo,930,a
427,mophie,881,a
404,bose,863,a
484,earbuds,861,a
657,ipod,852,a
542,ear buds,831,a
498,iphone charger,829,a
421,jbl,816,a
943,case,808,a
328,ellipsis jetpack,789,a
318,canary flex,772,a
623,kate spade,765,a
551,iphone xs max case,748,a
861,apple watch bands,731,a
379,apple tv,711,a
474,bluetooth,689,a
675,lifeproof,688,a
643,chargers,687,a
487,samsung a10e,677,a
773,apple watch band,662,a
428,gizmopal,654,a
652,iphone 11 screen protector,638,a
441,gizmogadget,614,a
827,pop socket,614,a
482,extender,599,a
795,student discount,554,a
536,sonim,535,a
947,battery,531,a
761,iphone x case,519,a
575,ue,509,a
670,iphone 7 case,501,a
583,nest,485,a
640,iphone 8 plus case,480,a
678,iphone 8 case,472,a
848,ear pods,465,a
433,bluetooth speaker,461,a
790,hotspots,453,a
636,keyboard,451,a
791,camera,450,a
585,new sim card,436,a
819,11 pro max case,433,a
691,garmin,417,a
402,fitbit versa,412,a
637,xr cases,410,a
779,iphone xs max cases,406,a
1091,watch bands,406,a
709,air pod,395,a
507,qi wireless charging,387,a
650,moto mod,384,a
774,xr case,384,a
944,apple pen,384,a
676,orbic,383,a
820,iphone 7 cases,367,a
849,iphone pro max case,366,a
948,one talk,361,a
976,wireless headphones,361,a
784,hot spots,355,a
952,popsocket,350,a
830,s pen,343,a
821,iphone 8 cases,342,a
656,giz,336,a
811,note 10 case,326,a
735,gizmo watch band,319,a
1495,apple watch plan,319,a
879,gizmo charger,317,a
857,gizmo band,309,a
684,note 10+ case,308,a
945,chromebook,308,a
639,note 10 plus case,304,a
970,wireless earbuds,287,a
648,wireless hotspot,286,a
1318,watch band,285,a
1131,apple watch charger,276,a
935,iphone 8 plus cases,274,a
772,drone,259,a
877,moto g7 power,257,a
844,gopro,255,a
938,headset,246,a
1117,tracker,246,a
853,pro max case,242,a
833,t2000,235,a
950,powerbeats,223,a
925,moto z4 case,204,a
803,mophie juice pack,199,a
1866,apple watch screen protector,192,a
973,fitbit versa 2,183,a
743,mophie powerstation,177,a
1207,fit bit,173,a
1196,gizmo watch bands,168,a
1389,gizmo watch charger,166,a
1691,gps tracker,135,a
1558,fitbit charge 3,71,a
2,iphone,69707,d
3,iphone 11,61671,d
8,iphone xr,48883,d
13,iphone x,33882,d
16,iphone 8,27397,d
11,iphone 11 pro max,24977,d
18,iphone 7,23230,d
14,apple iphone 11 pro max,22035,d
17,apple iphone 11,20887,d
35,ipad,19084,d
19,iphone 11 pro,18940,d
24,iphone xs max,18365,d
25,iphone 8 plus,18257,d
36,iphone xs,15252,d
33,samsung galaxy s10,12946,d
40,apple iphone 11 pro,11487,d
39,iphone 7 plus,10840,d
64,samsung,10277,d
72,xr,9451,d
73,iphones,8809,d
76,note 10,6565,d
128,iphone 10,5858,d
144,apple,5661,d
143,iphone 6,5354,d
89,flip phones,5149,d
94,samsung galaxy note 10,4724,d
86,google pixel 3,4661,d
96,samsung galaxy note 10+,4640,d
102,iphone 6s,4605,d
68,samsung galaxy  s10 plus,4431,d
154,xs max,3472,d
152,ipad pro,3393,d
182,flip phone,3334,d
161,tablets,3326,d
156,s10,3248,d
167,i phone,3057,d
120,motorola,3038,d
254,galaxy,2960,d
200,11,2727,d
197,i phone 11,2682,d
122,iphone 6s plus,2664,d
229,tablet,2659,d
218,pixel,2558,d
314,iphone se,2523,d
217,lg,2520,d
267,note 9,2503,d
169,note,2500,d
134,samsung galaxy s9,2456,d
179,a50,2437,d
242,xs,2437,d
192,11 pro max,2377,d
368,phones,2324,d
131,samsung galaxy note 9,2268,d
210,iphone11,2179,d
268,google pixel,2114,d
133,samsung galaxy s10e,1990,d
221,pro max,1971,d
201,palm,1965,d
279,blackberry,1924,d
181,basic phones,1878,d
296,s9,1814,d
145,samsung galaxy a50,1785,d
248,kids phone,1779,d
241,moto,1766,d
168,one plus,1736,d
288,11 pro,1733,d
251,s10e,1731,d
165,google pixel 3a,1728,d
269,ipad mini,1690,d
325,i phone x,1678,d
244,moto z4,1656,d
151,google pixel 3 xl,1655,d
303,i phone 8,1628,d
257,a10e,1625,d
150,ipad pro 12.9 inch,1618,d
256,flip,1613,d
227,kyocera,1593,d
319,samsung galaxy,1589,d
372,galaxy s10,1579,d
236,refurbished phones,1527,d
335,ipads,1469,d
323,samsung galaxy s8,1468,d
299,i phone xr,1447,d
170,google pixel 3a xl,1382,d
326,8 plus,1362,d
295,pixel 3,1344,d
309,iphone pro max,1340,d
292,apple iphone,1324,d
417,iphone x max,1324,d
206,samsung galaxy s9 plus,1270,d
341,galaxy s9,1251,d
322,i phone 7,1246,d
397,google,1204,d
290,android phones,1191,d
438,iphone 6 plus,1177,d
315,iphone7,1163,d
191,ipad pro 11 inch,1161,d
331,moto g7,1150,d
327,galaxy note 10,1097,d
390,iphone8,1089,d
401,samsung fold,1088,d
348,samsung a50,1076,d
620,free phones,1065,d
363,a20,1060,d
426,iphone 8plus,1055,d
504,note 8,1046,d
993,iphone 5,1012,d
580,galaxy s8,990,d
366,galaxy note,981,d
353,note 10 plus,977,d
388,iphone pro,970,d
252,samsung galaxy s10 plus,954,d
300,jitterbug,948,d
346,note 10+,930,d
560,iphone 9,926,d
494,samsung s9,898,d
416,iphone 7plus,891,d
804,x,887,d
425,ipad air,833,d
797,s8,815,d
485,nokia,808,d
824,free phone,792,d
437,alcatel,791,d
469,i phone 8 plus,788,d
284,ipad 10.2 inch,784,d
357,moto z3,777,d
470,7 plus,770,d
544,i pad,766,d
528,i phones,743,d
472,samsung s10,735,d
750,samsung s8,710,d
479,samsung note,701,d
458,samsung note 10,697,d
446,s10+,687,d
985,android,681,d
554,iphone 8+,674,d
611,iphone 11 pro mac,674,d
420,google pixel 2 xl,666,d
361,samsung galaxy tab a,650,d
537,i phone 11 pro,642,d
461,samsung tablet,640,d
570,pixel 3a,634,d
389,moto g6,615,d
476,note10,612,d
520,iphonexr,609,d
649,iphone xr max,595,d
505,moto z,589,d
759,i phone 10,584,d
518,galaxy a50,581,d
356,kyocera duraxv,565,d
465,smartphone,561,d
351,samsung galaxy j7 v,556,d
613,tab s6,548,d
511,lg phones,538,d
516,i phone 7 plus,534,d
513,iphon,530,d
561,samsung a20,530,d
582,z4,511,d
663,samsung phones,511,d
681,7,511,d
374,samsung galaxy s10 5g,506,d
617,apple 11,505,d
629,used phones,498,d
526,lg exalt,492,d
776,galaxy s7,480,d
607,sony,475,d
618,iphonex,475,d
842,samsung galaxy s7,474,d
630,razer,461,d
530,ipad 9.7,456,d
545,samsung galaxy a10e,456,d
673,redzone,449,d
624,i phone 6,440,d
898,apple phones,440,d
792,iphone 11 plus,435,d
454,samsung galaxy j3 v,426,d
769,apple ipad,419,d
800,g7,407,d
770,iphone 11pro,395,d
672,galaxy a10e,394,d
679,apple xr,394,d
707,apple iphone 8,391,d
486,lg v50 thinq 5g,375,d
801,i phone 11 pro max,371,d
975,galaxy note 8,371,d
808,iphone 11 max pro,368,d
780,samsung s10e,366,d
733,samsung galaxy note,361,d
477,samsung galaxy tab s4,360,d
721,lg g8,360,d
754,galaxy s10e,358,d
923,iphone 1,350,d
964,lg g7,348,d
903,6s,346,d
665,lg stylo 5,344,d
712,apple iphone 7,342,d
722,apple iphone xr,338,d
771,pixel 3 xl,336,d
715,tab a,335,d
836,i phone xs,330,d
892,iphone 7+,327,d
814,ipad 10.2,320,d
837,apple iphone x,316,d
907,s9+,316,d
843,s10 plus,312,d
862,samsung galaxy a20,310,d
723,droid phones,308,d
838,galaxy a20,308,d
915,x max,308,d
977,samsung a10,308,d
958,refurbished iphones,307,d
796,lg v50,298,d
865,alcatel go flip,296,d
572,lg v40 thinq,293,d
997,s7,293,d
845,lg stylo,288,d
746,motorola z4,283,d
919,motorola g7,282,d
564,alcatel avalon v,281,d
920,max,274,d
873,s10 5g,257,d
959,moto e6,244,d
895,ellipsis,242,d
696,lg g8 thinq,238,d
899,stylo,237,d
978,apple iphones,236,d
905,oneplus 7 pro,231,d
802,moto e5 play,230,d
963,tab,228,d
897,pre owned,219,d
914,samsung galaxy tab,203,d
996,iphone 8 pl,188,d
823,sony xperia,174,d
942,red hydrogen one,141,d
980,galaxy tab a 10.5,134,d
1,trade in,71621,s
4,shop deals,45670,s
9,plans,36253,s
5,usage,30742,s
6,my usage,24329,s
15,upgrade,23416,s
7,my orders,20412,s
27,add a line,17109,s
46,verizon up,13951,s
12,block number,13533,s
23,orders,13489,s
50,hotspot,13107,s
51,chat,12921,s
30,military discount,12841,s
26,activate phone,12755,s
53,apple music,11973,s
22,view text messages,11606,s
21,track order,11523,s
20,employee discount,11474,s
198,upgrade device,10887,s
28,order status,10422,s
29,travelpass,9721,s
38,coverage map,9174,s
34,international - outside us,9037,s
44,customer service number,9035,s
88,rewards,8899,s
59,insurance,8697,s
56,pin,8429,s
37,trade in value,8311,s
628,Unspecified,8065,s
49,cloud,7915,s
57,pay bill,7843,s
65,unlimited,7743,s
60,discount,7624,s
52,auto pay,7346,s
47,order,7256,s
41,verizon cloud,7005,s
43,block calls,6631,s
45,international travel,6552,s
71,block,6436,s
54,view usage,6236,s
48,cancel service,6118,s
55,account pin,6004,s
58,live chat,5979,s
84,call log,5946,s
95,contact,5922,s
77,smart family,5915,s
79,travel pass,5849,s
78,text messages,5630,s
80,call history,5593,s
101,customer service,5584,s
67,total mobile protection,5580,s
135,air pods,5289,s
63,send text,5213,s
98,discounts,5099,s
74,my rewards,4952,s
69,data usage,4839,s
70,change phone number,4726,s
81,contact us,4607,s
99,text online,4606,s
104,mobile hotspot,4539,s
103,ringback tone,4393,s
153,prepaid,4378,s
116,international,4314,s
109,fios,4270,s
85,call forwarding,4223,s
75,bring your own device,4183,s
87,prepaid plan,4086,s
294,text,4049,s
119,messages,4017,s
97,manage ring back tones,3922,s
113,contacts,3835,s
108,nfl,3834,s
92,insurance claim,3592,s
132,bill,3564,s
118,military,3562,s
82,transfer your service,3538,s
100,voicemail,3489,s
111,find my phone,3439,s
91,chat now,3398,s
93,bill pay,3325,s
160,mifi,3295,s
107,payment arrangement,3208,s
123,activate,3193,s
146,lost phone,3128,s
83,usage details,3099,s
127,autopay,3049,s
115,enable personal hotspot,2996,s
130,family plan,2972,s
231,outage,2919,s
163,promise to pay,2901,s
106,contact number,2843,s
147,unlock phone,2779,s
149,byod,2657,s
129,activation,2619,s
202,coverage,2568,s
405,wifi,2513,s
929,help,2402,s
278,internet,2388,s
117,international plans,2325,s
136,phone insurance,2318,s
172,rebate,2316,s
110,rebate center,2314,s
126,signal booster,2310,s
355,my verizon,2243,s
141,unlimited data plan,2213,s
238,galaxy fold,2201,s
442,kids,2177,s
187,account manager,2176,s
142,my order,2145,s
114,paper-free billing,2120,s
237,enable hotspot,2063,s
174,support:discounts for seniors - 55+ unlimited plan faqs,2045,s
287,phone number,2041,s
178,travel,2040,s
124,send message,2019,s
157,my bill,1997,s
183,asurion,1995,s
162,suspend,1964,s
186,change pin,1951,s
180,support:contact us | verizon wireless,1944,s
137,my contacts,1920,s
226,call filter,1904,s
362,documents,1889,s
320,wifi calling,1870,s
148,parental controls,1855,s
199,tracking,1850,s
155,prepaid smartphones,1847,s
1646,sign out,1838,s
339,5g,1830,s
158,statements,1829,s
164,backup assistant,1824,s
185,home internet,1814,s
502,up,1809,s
139,view my bill,1801,s
222,first responder,1793,s
203,support:set up auto pay for monthly discounts on your bill faqs,1754,s
176,make payment,1728,s
212,change number,1674,s
220,payment,1656,s
189,customer support,1651,s
205,cancel,1646,s
193,file a claim,1591,s
171,account number,1582,s
265,data plans,1518,s
204,view bill,1514,s
302,warranty,1495,s
280,return,1487,s
344,data boost,1485,s
1103,ringback tones,1478,s
195,manage account,1465,s
177,upgrade eligibility,1452,s
1262,data,1444,s
264,store locator,1434,s
166,print return label,1420,s
260,share name id,1420,s
249,track,1411,s
271,trade,1408,s
310,pay my bill,1403,s
261,change password,1398,s
552,support,1376,s
352,switch,1374,s
232,reset pin,1367,s
329,senior plans,1365,s
209,switch device,1359,s
263,block numbers,1354,s
215,ringtones,1340,s
336,add data,1324,s
281,activate new phone,1315,s
270,blocking,1303,s
266,backup,1300,s
289,safety mode,1300,s
434,caller id,1283,s
383,receipts,1270,s
207,cancel a line,1269,s
240,wifi hotspot,1268,s
286,oneplus,1261,s
337,port,1258,s
253,billing & payments,1256,s
255,verizon rewards,1250,s
247,text history,1240,s
259,personal hot spot,1232,s
1735,authorized user,1228,s
1140,pixel 4,1221,s
213,cancel line,1220,s
225,useage,1219,s
297,upgrade phone,1217,s
316,international plan,1213,s
258,my offers,1209,s
282,support:verizon smart setup - activate your new phone,1201,s
273,tech support,1200,s
243,remove device,1199,s
313,media store,1195,s
376,senior plan,1183,s
301,booster,1152,s
291,support:pending orders,1144,s
424,my account,1144,s
1699,iphone 11 case,1140,s
306,blocks,1135,s
214,international - inside us,1121,s
223,locate my phone,1121,s
1123,senior discount,1094,s
574,products and apps,1074,s
233,family locator,1073,s
590,billing,1072,s
246,cancel insurance,1068,s
208,add insurance,1060,s
184,certified pre owned,1054,s
391,ultimate ears,1054,s
234,renew discount,1037,s
219,transfer content,1035,s
307,my cloud,1029,s
360,senior,1027,s
239,setup voicemail,1015,s
1717,ring back tones,1006,s
473,verizon messages,1001,s
305,track my order,995,s
228,backup contacts,990,s
375,messaging,984,s
415,promotions,984,s
508,unlock,979,s
453,international calling,966,s
317,support:how do i trade in my device?,960,s
365,block a number,956,s
412,canada,954,s
283,pin number,950,s
468,fold,946,s
250,manage network extender,936,s
364,kids plan,936,s
1216,phone,935,s
235,international coverage,933,s
333,statement,932,s
340,accessories,931,s
324,support:total mobile protection from verizon,929,s
443,contact verizon,907,s
274,remove a line,902,s
298,start unlimited plan,896,s
321,text log,893,s
403,cancel order,888,s
272,transfer contacts,885,s
350,online text,884,s
338,support:what is the 55+ unlimited plan?,883,s
387,first responder discount,882,s
459,claim,875,s
392,port number,873,s
497,55+,868,s
757,transfer,864,s
342,support:preparing for international travel,859,s
354,community:how do i cancel a line?,834,s
367,blocked numbers,828,s
400,return label,822,s
974,personal hotspot,821,s
1446,phone cases,821,s
515,message,820,s
524,family base,796,s
533,receipt,787,s
449,visual voicemail,785,s
345,send a text,781,s
371,community:how do i change my pin?,777,s
450,upgrades,776,s
373,community:how do i cancel service to a device?,771,s
358,hotspot setup,770,s
655,deals,770,s
692,prepaid phones,767,s
381,smart rewards,763,s
378,support:how do i cancel my device insurance / device protection?,755,s
382,support:can i view text messages online?,750,s
439,register,747,s
634,router,747,s
393,car charger,746,s
510,my plan,743,s
581,go unlimited,743,s
609,customer service phone number,740,s
1174,otter box,740,s
471,contract,736,s
380,find phone,735,s
462,family,730,s
394,past bills,729,s
308,remove line,726,s
785,prepaid plans,724,s
832,roaming,724,s
917,ringback,722,s
888,qr code,720,s
429,call blocking,714,s
349,current usage,712,s
385,change plan,709,s
396,support:how to view previous billing statements,708,s
440,device trade in,708,s
1085,asus,703,s
547,stolen phone,702,s
674,email,701,s
509,fraud,680,s
817,location,680,s
455,repair,678,s
603,make a payment,675,s
410,device payment,673,s
413,support:how to manage payment methods,671,s
577,gift card,667,s
377,early upgrade,665,s
414,usage controls,665,s
448,message+,665,s
661,map,665,s
419,wireless internet,663,s
492,call logs,663,s
431,send a message,657,s
466,corporate discount,657,s
500,cracked screen,657,s
488,returns,655,s
702,basic phone,651,s
612,just kids,645,s
626,switch to verizon,644,s
395,annual upgrade,641,s
444,appointment,637,s
818,account,632,s
534,find my iphone,631,s
370,support chat,626,s
435,support:how to find your lost or stolen phone or tablet,625,s
1362,imei,623,s
514,pay,621,s
503,activate device,617,s
1057,up rewards,612,s
539,free,611,s
423,icloud,604,s
744,unlimited data,603,s
447,disconnect,602,s
531,reciepts,601,s
529,suspend service,600,s
398,paperless,599,s
493,voice mail,597,s
496,pay as you go,597,s
699,verizon smart family,597,s
1060,factory reset,596,s
654,8,594,s
407,view my usage,591,s
418,smart setup,591,s
456,activate sim card,591,s
690,sign in,589,s
475,activate sim,588,s
525,return policy,585,s
409,payment history,584,s
519,first responders,582,s
627,transfer line,580,s
566,rebates,578,s
1206,family plans,578,s
460,support:my verizon website create and send a text message,575,s
1414,apple care,573,s
527,change address,570,s
571,add device,570,s
422,setup personal hotspot,568,s
1387,verizonup,567,s
586,55,557,s
693,text message,557,s
1115,texts,552,s
671,compare,549,s
697,screen repair,549,s
501,call block,548,s
798,name change,548,s
480,support:how do i track my shipment?,546,s
481,support:switch to verizon - guide to porting your number,545,s
606,travel plan,544,s
1181,samsung galaxy fold,541,s
565,auto pay discount,538,s
1265,devices,538,s
584,add account manager,537,s
491,support:edit share name id,536,s
451,puk,535,s
1198,google pixel 2,535,s
369,early termination fee,532,s
495,support:corporate employee discounts faqs,532,s
788,refurbished,529,s
775,trade in status,528,s
359,reward points,527,s
662,outages,526,s
430,friends and family,522,s
411,manage data,520,s
847,stores,519,s
1039,add ons,517,s
506,internet service,515,s
540,previous bills,514,s
1266,credit,512,s
522,cancel payment,509,s
719,bogo,506,s
1022,track phone,505,s
700,mexico,501,s
703,history,501,s
734,start unlimited,501,s
558,offers,499,s
457,usuage,494,s
567,blocked,494,s
445,customer agreement,488,s
463,cancel plan,485,s
1305,pixel 2,484,s
632,my verizon app,483,s
891,verizon up rewards,483,s
517,transfer service,478,s
408,change data plan,475,s
548,trip planner,475,s
631,payments,472,s
521,support:bring your own device (byod) - switch to verizon,471,s
1043,reward,471,s
859,phone records,470,s
523,support:how do i add an account manager?,469,s
906,activation fee,466,s
483,order history,463,s
568,tradein,461,s
579,close account,455,s
1956,iphone c,455,s
592,company discount,453,s
1784,wireless,453,s
467,remove insurance,451,s
595,account managers,451,s
1025,laptops,451,s
610,employer discount,449,s
658,forgot password,449,s
687,veteran discount,446,s
1108,droid,446,s
538,support:what is mobile hotspot?,444,s
1072,galaxy note 9,443,s
718,account owner,440,s
664,bills,439,s
541,support:what happens if i forget my account pin?,438,s
647,prepay,437,s
1355,no service,437,s
869,cancel smart family,436,s
594,change account pin,435,s
464,paperless billing,434,s
1392,fees,433,s
799,set up auto pay,432,s
933,technical support,430,s
1447,tv,430,s
1687,earpods,430,s
549,"support:how to block numbers, calls, ads, text messages & emails",428,s
597,bill history,428,s
962,home,423,s
553,community:where do i find my account pin?,421,s
720,online chat,420,s
621,verizon protect,419,s
555,community:how do i block calls?,418,s
556,support:military and veterans discounts faqs,417,s
557,community:how do i track my cell phone?,417,s
685,back up,416,s
512,smartsetup,415,s
576,deactivate,415,s
562,support:how to set up auto pay,413,s
653,call forward,413,s
810,notifications,412,s
751,spam,408,s
645,employee discounts,407,s
569,"support:employee, first responder & military discounts – how to register",406,s
601,basic,406,s
686,shipping,406,s
535,remove a device,403,s
1044,mobile hot spot,402,s
1007,international calls,401,s
563,veteran,398,s
1124,change name,398,s
489,manage contacts,397,s
706,assurion,397,s
578,support:how do i pay my bill?,395,s
736,iphone deals,395,s
1249,phone calls,394,s
1528,texting,394,s
546,text usage,392,s
587,community:do i need to activate travel pass?,388,s
588,support:how to add blocks,388,s
1040,careers,387,s
1086,beyond unlimited,387,s
589,support:what is total mobile protection multi-device?,386,s
615,split bill,386,s
559,cancel device,380,s
1718,cell phones,380,s
829,protection plan,379,s
1026,55 plus plan,379,s
805,nfl redzone,378,s
1063,gps,378,s
1327,apps,377,s
763,add line,376,s
786,port in,375,s
1590,iphone 4,375,s
599,community:how can i remove a line from my account?,374,s
870,hd voice,374,s
710,tmp,373,s
602,support:how do i activate my device?,371,s
813,bill summary,371,s
604,community:how do i cancel total mobile protection?,370,s
1328,device dollars,369,s
625,puk code,368,s
638,transfer upgrade,367,s
767,autopay discount,367,s
614,support:how to trade in your device,366,s
600,cancel account,365,s
616,support:how to change your phone number,364,s
793,track my phone,364,s
918,verizon phone number,363,s
573,order tracking,362,s
619,canary,361,s
732,trade-in,361,s
913,youtube tv,361,s
957,password,361,s
1011,hotspot plans,361,s
635,shipping label,360,s
989,unblock,360,s
764,business,359,s
969,dual sim,358,s
622,support:how to suspend or reconnect service,357,s
550,loyalty plan,355,s
1517,return phone,355,s
1156,htc,352,s
711,recent calls,349,s
1346,ipad case,349,s
532,vtext,348,s
1574,buy one get one,348,s
633,support:how do i claim a reward or bonus reward?,346,s
641,add travel pass,346,s
748,share name,346,s
705,how to block a number,345,s
728,previous bill,345,s
1301,faq,344,s
835,change my number,343,s
1045,samsung s7,342,s
725,payment method,341,s
642,"support:first responder, firefighter, law enforcement discounts faqs",340,s
850,pay off device,339,s
740,my pin,338,s
1064,iphone xs case,338,s
1256,play store,338,s
651,support:return a device or accessory,335,s
884,message plus,335,s
1647,settings,335,s
1125,tech coach,334,s
1306,samsung note 9,333,s
701,verizon plan,332,s
1095,payment arrangements,332,s
713,arlo go,326,s
737,total equipment coverage,326,s
745,change mobile number,326,s
1052,55+ plan,326,s
1168,vpn,326,s
1575,kid,325,s
1545,pre paid,324,s
904,bring your own phone,321,s
667,community:how do i remove total mobile protection?,320,s
949,reset password,320,s
1569,bundle,320,s
1719,sim cards,320,s
864,message +,318,s
646,play more unlimited,317,s
1448,iphone 5s,317,s
1317,login,316,s
1460,huawei,316,s
1073,refurbished iphone,315,s
1279,buy one get one free,315,s
591,disconnect line,314,s
688,all phones,313,s
930,wireless phone protection,312,s
1293,5g phones,312,s
1012,iphone6,311,s
871,government discount,310,s
659,send text message,309,s
937,documents and receipts,309,s
716,dji,308,s
668,check order status,307,s
726,content transfer,307,s
965,pay off phone,307,s
689,support:how do i get the 55+ unlimited plan?,306,s
708,reset voicemail password,306,s
1058,number share,306,s
1008,i phone xs max,305,s
1700,cell phone booster,305,s
608,trash,304,s
694,ve las ofertas,304,s
741,work discount,304,s
698,support:what is prepaid travelpass?,303,s
752,change credit card,302,s
778,set up new phone,302,s
738,activate new device,301,s
593,disconnect a line,300,s
1307,tracking number,300,s
1337,set up personal hotspot,300,s
677,monthly plans,299,s
1619,compare phones,299,s
669,text message history,298,s
1116,order sim card,298,s
1576,suspend line,298,s
660,find my device,296,s
981,upgrade fee,296,s
1126,roadside assistance,295,s
1217,plan,295,s
1663,kids phones,294,s
1801,new service,294,s
1041,iphone xmas,293,s
717,support:what do i do if my phone is lost or stolen?,292,s
1223,apple case,292,s
893,transfer number,291,s
724,support:find my iphone remove find my iphone via icloud,290,s
1169,media,290,s
605,plantronics,289,s
1000,veterans discount,289,s
644,change due date,288,s
1175,etalk,287,s
908,locate phone,286,s
872,activate iphone,285,s
1218,unlock iphone,285,s
1529,spending limit,284,s
1577,earphones,284,s
794,pencil,283,s
875,address change,283,s
1233,service outage,283,s
1388,youtube,283,s
1991,iphone we,283,s
806,planes,282,s
1144,call details,282,s
739,community:how do i change the credit card on my account?,280,s
782,view call log,280,s
889,wireless home phone,280,s
1068,iphone x cases,280,s
714,swap numbers,279,s
742,support:what is the device trade-in program?,279,s
755,transfer of service,279,s
866,broken phone,279,s
852,online texting,277,s
1785,apple headphones,275,s
756,community:how do i find my pin number?,274,s
921,digital secure,274,s
1518,phone log,274,s
922,seniors,273,s
1753,unlock my phone,273,s
760,"support:employee, first responder & military discounts â how to register",272,s
846,view messages,272,s
727,voicemail password,271,s
851,teacher discount,271,s
880,nfl mobile,271,s
1145,smartphones,271,s
765,support:how to use verizon smart family,270,s
990,change account owner,270,s
768,support:how do i activate a device?,269,s
1027,student,268,s
1199,unlimited plans,268,s
1343,iphone 11 max,268,s
1238,galaxy tab s6,267,s
1917,car,267,s
1074,credit check,266,s
1176,stylus,266,s
1530,suspend a line,266,s
1004,file claim,265,s
1402,apple phone,265,s
876,alerts,262,s
894,travel plans,262,s
1046,otterbox iphone 11,262,s
1239,ipad keyboard,261,s
783,support:can i block numbers that i choose from calling me?,260,s
858,disconnected account,260,s
860,do more unlimited,259,s
994,screen replacement,259,s
1028,trade in phone,259,s
787,support:find my mobile samsung,258,s
747,assumption of liability,257,s
789,support:how do i find verizon up?,257,s
1141,screen protector iphone 11,257,s
1132,samsung j7,256,s
1380,speakers,256,s
909,store hours,255,s
1096,call filter plus,255,s
682,drop a line,254,s
753,prepaid coverage,254,s
1879,add funds,254,s
1013,port status,253,s
1992,add on,253,s
695,delete a line,252,s
874,veterans,252,s
1280,samsung note 8,252,s
1193,mobile protection,251,s
1435,modem,250,s
1177,j7,249,s
966,porting,248,s
1519,iphone forever,248,s
809,support:what is verizon smart family?,247,s
878,employee,247,s
881,check order,247,s
1531,manage ringback tones,247,s
1720,note9,247,s
1005,s9 plus,245,s
815,community:how can i block a number,242,s
1189,share id,242,s
1591,view call history,242,s
825,support:how do i get a shipping label to return my old device?,241,s
995,activate new iphone,240,s
831,support:what is verizon up?,239,s
1772,phone plans,239,s
839,community:how do i view texts online?,238,s
931,update credit card,238,s
1053,phone activation,238,s
1356,call records,238,s
840,support:how do i change the account owner?,237,s
910,blocked calls,237,s
1294,iphone 7 plus case,237,s
939,cruise,236,s
1849,samsung galaxy 8,235,s
1018,cancel cloud,234,s
1075,payment options,234,s
1182,user guide,234,s
1832,document,234,s
598,chromebook plus,233,s
822,text from computer,233,s
982,reconnect,233,s
1170,jabra,233,s
1633,unlock device,233,s
834,blocking numbers,232,s
807,view text messages online,231,s
854,support:view blocked numbers usage controls,231,s
855,support:how to download billing statements,231,s
896,line access fee,231,s
1047,view text,231,s
1048,lost my phone,231,s
1403,speaker,231,s
1802,update,231,s
1118,phone trade in,230,s
1133,message log,230,s
926,extended warranty,229,s
1673,iphone xr screen protector,229,s
863,community:how do i view my call history?,228,s
1329,used iphones,228,s
1918,get more data,227,s
998,manager,226,s
1076,change payment method,226,s
1097,google home,225,s
1234,iphone plus,225,s
1701,iphone x plus,225,s
999,5g coverage,224,s
1240,xr max,224,s
1850,track shipment,224,s
900,block phone number,223,s
1019,ring tones,223,s
1069,lg v40,223,s
1070,apple 8,223,s
1319,55 plan,223,s
1404,new iphone,223,s
882,support:how do i file a claim?,222,s
883,support:how to view usage on your bill – get a call log,222,s
1338,line transfer,222,s
1648,pop sockets,222,s
1721,return device,222,s
885,support:is there a way to find my phone?,221,s
927,payment methods,221,s
1183,customer care,221,s
1865,app,221,s
1309,over 55,220,s
1833,view calls,220,s
971,minutes,219,s
1250,forward calls,219,s
680,limit data,217,s
730,global services,217,s
886,view past bills,217,s
902,support:what is go unlimited?,217,s
1393,transfer a line,217,s
1736,rugged,217,s
749,recent orders,216,s
1423,calls made,216,s
816,cancel total mobile protection,215,s
1310,iphone 7s,215,s
911,support:international trip planner - plan for travel outside the us,214,s
1001,my media retrieval,214,s
1532,samsung 10,214,s
841,message usage,213,s
912,community:where can i find the military discount?,213,s
1127,samsung earbuds,212,s
1134,broken screen,212,s
1737,iphone 12,212,s
1267,iphone 10r,211,s
1592,outage map,211,s
1656,my documents,211,s
916,community:verizon cloud,210,s
1061,11 max,210,s
1077,international service,210,s
1424,jetpack plans,209,s
1546,samsung charger,209,s
826,refer,208,s
1078,robo calls,208,s
1477,international data,208,s
1478,family controls,208,s
1235,pro,207,s
1461,unblock number,207,s
781,recycle,206,s
924,support:how do i view my billing statement?,206,s
1320,iphone xsmax,206,s
1664,cell phone,206,s
1092,trade in device,205,s
1104,samsung buds,205,s
758,remove device from plan,204,s
928,support:change the pin backup assistant,204,s
1105,iphone trade in,204,s
1578,samsung galaxy 9,204,s
932,support:how can i reset my voicemail password?,203,s
1819,apple charger,203,s
1970,service,203,s
934,community:how do i block numbers?,202,s
1281,iphone  11,202,s
936,community:how do i apply my employee discounts?,201,s
1276,stylo 5,201,s
867,deleted messages,200,s
940,support:certified pre-owned devices,200,s
1146,byop,200,s
1311,zte,200,s
1425,j3,200,s
1593,belkin,200,s
1620,service map,200,s
868,my verizon cloud,199,s
991,send text online,199,s
1263,discount status,199,s
1702,prepare phone for return,199,s
946,support:device protection / insurance faqs,198,s
1330,iphone 11 phone case,198,s
1363,11 pro case,198,s
951,support:add a block call & message blocking my verizon website,197,s
1109,signal,197,s
1110,set up autopay,197,s
1150,red,197,s
1030,galaxy note 10 plus,196,s
1224,home phone connect,196,s
1621,galaxy 9,196,s
954,community:how do i view call history?,195,s
955,support:call filter faqs - block spam and robocalls | verizon,195,s
1003,skullcandy,195,s
1101,cell booster,195,s
1257,iphone 11pro max,195,s
1426,prepaid iphone,195,s
1919,replacement,195,s
960,support:how to swap phones on your account,194,s
961,support:total mobile protection multi-device,194,s
1080,block call,194,s
1195,usb,194,s
1427,samsung j3,194,s
1754,promo,194,s
967,change my pin,193,s
979,international texting,193,s
1014,set up pin,193,s
1087,disconnect service,193,s
1142,numbershare,193,s
1184,activate my phone,193,s
1339,samsung galaxy note 8,193,s
1622,gizmo pal,193,s
729,safeguards,192,s
887,swap,192,s
1049,corporate discounts,192,s
1241,palm phone,192,s
972,support:my documents and receipts faqs,191,s
1106,august bill,191,s
1295,11 pro max cases,191,s
1088,nfl red zone,190,s
1674,simulators,190,s
983,community:how do i change my last name on my account?,189,s
1054,one plus 7 pro,189,s
984,community:how can i change my pin number?,188,s
1020,note 10 5g,188,s
1021,message history,188,s
1479,buyout,188,s
1579,unlimited plan,188,s
986,support:payment arrangements & promise to pay faqs,187,s
987,support:suspend service faqs,187,s
1093,my messages,187,s
901,direct billing,186,s
992,support:my verizon app manage add ons,186,s
1171,forgot pin,186,s
1178,samsung tablets,186,s
1302,change my plan,185,s
1147,ipone,184,s
1381,international roaming,184,s
1665,ellipsis kids,184,s
890,remove total mobile protection,183,s
1034,parental control,183,s
1225,restore contacts,183,s
1450,jbl charge 4,183,s
1010,note 1,182,s
1190,galaxy tab,182,s
1462,lg flip phone,182,s
1803,iphone  x,182,s
1834,global,182,s
1029,nokia 2v,181,s
1394,airpod case,181,s
1006,support:total equipment coverage - wireless phone protection and extended warranty,180,s
1258,manage your products,180,s
1143,troubleshooting,179,s
1148,note 10 +,179,s
1191,first responders discount,179,s
1210,i phone 11 case,179,s
1282,wireless charging pad,179,s
1283,add a device,179,s
1463,claims,179,s
1773,wireless charging,179,s
1259,powerbeats pro,178,s
1321,samsung gear,178,s
1547,iphone 10 max,178,s
1570,galaxy 10,178,s
1015,support:what is verizon cloud?,177,s
1017,support:my verizon app pay bill / manage bill settings,176,s
1151,paybill,176,s
1303,kate spade iphone 11,176,s
1688,call detail,176,s
1755,apple air pods,176,s
1322,address,175,s
1675,enable wifi calling,175,s
1023,community:how do i view my call log?,174,s
1035,antenna,174,s
1059,iphone xs ma,174,s
1107,orbic wonder,174,s
1242,ipad pro 12.9,174,s
1436,pending orders,174,s
1520,transfer phone number,174,s
953,billing statement,173,s
1268,integrated messaging,173,s
1437,next bill,173,s
1438,otter,173,s
1580,otter box iphone 11,173,s
1703,jobs,173,s
1031,support:verizon international travel plan faqs - traveling outside us,172,s
1032,support:verizon return policy,172,s
1136,pixel 3xl,172,s
1296,apple iphone 8 plus,172,s
1331,activate a phone,172,s
1533,i phone 11 cases,172,s
1774,apple x,172,s
1036,support:how do i check the status of an order?,171,s
1037,community:how do i track my rebates?,171,s
1038,support:what is safety mode?,171,s
1439,6s plus,171,s
1464,usage overview,171,s
1609,smart home support,171,s
1042,community:how do i pay bill online?,170,s
1102,apple wa,170,s
1119,buds,170,s
1804,s6,170,s
1820,used iphone,170,s
941,read text messages,169,s
1162,contract end date,169,s
1055,community:family use controls,168,s
1120,invoice,168,s
1251,v50,168,s
1340,security camera,168,s
1594,samsung galaxy j7,168,s
1805,cell phone plans,168,s
1269,complaint,167,s
1480,forward,167,s
1481,representative,167,s
1062,community:number port,166,s
1243,5g coverage map,166,s
1270,name id,166,s
1756,wi fi hot spot,166,s
1880,refill,166,s
1024,gizmotab,165,s
1065,support:how do i add or change my auto pay payment method?,165,s
1548,iphone8 plus,165,s
968,deactivate device,164,s
1341,iphonexs,164,s
1610,roadside,164,s
1634,minutes used,164,s
1071,community:how do i see my call history?,163,s
1179,send a text message,163,s
1244,trade in program,163,s
1312,apple 7,163,s
1440,jetpacks,163,s
1521,charging pad,163,s
1534,wi-fi calling,163,s
1595,free iphone,163,s
1722,store locations,163,s
1723,iphone xmax,163,s
1851,apple iphone 10,163,s
1050,cancel a device,162,s
1079,support:how to change billing or service address,162,s
1219,smarthub,162,s
1226,kyocera cadence,162,s
1374,cancel verizon cloud,162,s
1559,call list,162,s
1081,support:device locking faqs,161,s
1128,family safeguards,161,s
1200,restore,161,s
1364,xs max case,161,s
1852,status,161,s
1082,smart set up,160,s
1111,galaxy note 10+,160,s
1277,pin reset,160,s
1284,usb c,160,s
1689,military discounts,160,s
1094,"support:trade in, buy back & phone recycle program",159,s
1676,i phone 6s,159,s
1881,apple cases,159,s
1958,netflix,159,s
1083,disconnect device,158,s
1211,my account number,158,s
1313,restrictions,158,s
1482,ear,158,s
1900,data calculator,158,s
1098,support:what are the terms and conditions for the verizon up nfl redzone on the nfl app offer?,157,s
1099,support:voicemail options,157,s
1549,verizon pin,157,s
1775,iphone  8,157,s
856,print text messages,156,s
1212,change payment,156,s
1757,phone charger,156,s
1936,my usage page,156,s
1084,order number,155,s
1137,support:managing products & apps faqs,155,s
1213,view texts,155,s
1285,lost device,155,s
1112,community:what is the lowest cost plan for senior citizens?,154,s
1113,"support:how to replace a lost, stolen or broken phone, tablet or other device",154,s
1201,note 10+ 5g,154,s
1395,switch devices,154,s
1596,signal boosters,154,s
1066,4 digit pin,153,s
1121,community:how do i cancel a device?,153,s
1122,community:does verizon have a senior citizens discount for those over 65 years of age?,153,s
1129,compare plans,153,s
1157,iphone xs m,153,s
1347,port a number,153,s
1382,what is my pin,153,s
1405,apple xs,153,s
1497,lg exalt lte,153,s
1550,iphone  xr,153,s
1581,air,153,s
1130,community:what is the cheapest plan for a senior citizen?,152,s
1246,go pro,152,s
1522,billing address,152,s
1056,see text messages,151,s
1149,foreign travel,151,s
1152,gizm,151,s
1163,iphone 11 pro ma,151,s
1202,dura,151,s
1452,iphone11 pro,151,s
1704,europe,151,s
1739,phone repair,151,s
1138,support:where can i find my tracking number?,150,s
1375,jbl flip 5,150,s
1383,cadence,150,s
1786,iphone prepaid,150,s
1835,find device,150,s
1278,iphone7 plus,149,s
1428,samsung galaxy j3,149,s
1705,gift data,149,s
1787,iphone 10s,149,s
1959,storage,149,s
1429,profile,148,s
1560,iphone pro max cases,148,s
1758,car mount,148,s
1002,deleted text messages,147,s
1153,support:how much does wi-fi calling cost?,147,s
1158,puerto rico,147,s
1357,ringtone,147,s
1376,access fee,147,s
1415,ipad 10.2 case,147,s
1506,galaxy a10,147,s
1135,smartphone deals,146,s
1159,community:how do i block a number?,146,s
1160,support:how do i add a prepaid international travel plan to my device?,146,s
1197,cancel phone,146,s
1348,samsung wireless charger,146,s
1358,international travel plan,146,s
1677,iphone pro mac,146,s
1776,feedback,146,s
1164,community:block calls,145,s
1165,support:find my iphone icloud,145,s
1227,set up voicemail,145,s
1611,8+,145,s
1172,support:what is call filter?,144,s
1173,community:is there an outage in my area?,144,s
1208,billing history,144,s
1220,my plans and services,144,s
1349,tracking order,144,s
1612,samsung galaxy tab s6,144,s
1853,i phone x max,144,s
1114,free iphone 7,143,s
1180,support:can i transfer upgrade eligibility from one line to another?,143,s
1365,change voicemail password,143,s
1507,july bill,143,s
1623,overseas,143,s
1821,text activity,143,s
1920,phone 11,143,s
1937,adapter,143,s
1166,call usage,142,s
1185,support:activate new device existing verizon customer,142,s
1186,support:manage travelpass my verizon website,142,s
1187,support:how can i change my password for my verizon?,142,s
1759,port my number,142,s
1271,robocalls,141,s
1430,damaged phone,141,s
1483,activate a new phone,141,s
1203,support:blocks faqs,140,s
1350,apple iphone xs,140,s
1377,reset account pin,140,s
1993,iphone 8s,140,s
1192,text message log,139,s
1204,support:dual sim with an esim faqs,139,s
1205,community:can i add a second user?,139,s
1314,blocking calls,139,s
1323,rebate status,139,s
1396,phone locator,139,s
1397,blocked number,139,s
1453,company discounts,139,s
1465,contact list,139,s
1484,safe wifi,139,s
1498,past bill,139,s
1690,paper bill,139,s
1971,go unlimited plan,139,s
1016,paper billing,138,s
1188,note10+,138,s
1209,support:transfer your service faqs - verizon assumption of liability,138,s
1252,how to block numbers,138,s
1324,ipad pro 11,138,s
1508,my numbers,138,s
1551,protection plans,138,s
1214,support:how do i forward calls?,137,s
1351,old bills,137,s
1938,cases for iphone 11,137,s
1221,support:voicemail,136,s
1253,note 10 cases,136,s
1286,change last name,136,s
1624,samsung galaxy a10,136,s
1760,samsung tab s6,136,s
1867,unlocked,136,s
1161,block caller,135,s
1228,community:why can't i use my mobile hotspot?,135,s
1229,support:gift card faqs,135,s
1230,community:can i change what my caller id displays?,135,s
1236,community:text messages,135,s
1406,galaxy s10 plus,135,s
1960,lg stylo 4,135,s
1972,one time payment,135,s
1154,scheduled payments,134,s
1237,support:change billing address faqs,134,s
1535,number change,134,s
1100,restore messages,133,s
1231,carryover data,133,s
1247,support:my sim card isn't compatible. what do i do?,133,s
1248,community:how do i cancel my plan?,133,s
1287,activate new sim card,133,s
1536,back up phone,133,s
1724,samsung a,133,s
1761,adidas,133,s
1921,unblock a number,133,s
1994,prepaid iphones,133,s
1232,get more unlimited,132,s
1315,view previous bills,132,s
1359,device insurance,132,s
1485,total protection,132,s
1597,my profile,132,s
1067,old text messages,131,s
1215,voicemail pin,131,s
1316,nike,131,s
1552,reactivate,131,s
1635,wireless chargers,131,s
1692,return old phone,131,s
1788,popsockets,131,s
1868,manage products,131,s
1882,tablet plans,131,s
1939,iphone 7 plus cases,131,s
1155,automatic payment,130,s
1264,support:what discounts does verizon wireless offer to service members and veterans?,130,s
1454,change pin number,130,s
1613,iphone  7,130,s
1854,agent,130,s
1272,support:where can i view my coverage for my travel destination?,129,s
1273,support:how much does it cost to add a line to my account?,129,s
1274,support:assign account manager faqs,129,s
1275,community:line disconnect,129,s
1416,text logs,129,s
1431,iphone xs mas,129,s
1332,device recycle,128,s
1398,10.2,128,s
1407,galaxy s10+,128,s
1940,jet,128,s
1288,support:how do i file an insurance claim when i have verizon protect?,127,s
1289,support:how do i buy a data boost?,127,s
1290,support:what is auto pay?,127,s
1441,change billing address,127,s
1657,change payment date,127,s
1297,community:pin password?,126,s
1598,gear,126,s
1626,change of address,126,s
1304,community:live help chat,125,s
1408,pixel 3 case,125,s
1627,how to activate new phone,125,s
1706,i pad pro,125,s
1789,locator,125,s
1922,beats headphones,125,s
1923,pixel xl,125,s
1390,change caller id,124,s
1409,bill statement,124,s
1417,activate prepaid phone,124,s
1486,find,124,s
1599,split the bill,124,s
1636,chat with agent,124,s
1762,exalt,124,s
1883,add minutes,124,s
1325,community:how do i cancel my service?,123,s
1326,support:how to change features,123,s
1499,locate device,123,s
1524,oneplus 7,123,s
1537,gizmo bands,123,s
1582,block messages,123,s
1637,hot,123,s
1139,find lost phone,122,s
1333,support:how do i install the sim card?,122,s
1334,community:paperless billing,122,s
1335,support:what is a verizon jetpack?,122,s
1352,set pin,122,s
1384,orbic journey,122,s
1487,disconnected,122,s
1628,track orders,122,s
1638,change my phone number,122,s
1336,bill details,121,s
1342,support:my verizon faqs,121,s
1455,my text messages,121,s
1855,plans for seniors,121,s
1941,jetpack unlimited plan,121,s
1089,set data limits,120,s
1222,print label,120,s
1260,back up contacts,120,s
1291,locate,120,s
1344,community:what is verizon's customer service number?,120,s
1924,iphone qq,120,s
1973,iphone xs cases,120,s
1353,community:how do i track phone,119,s
1366,smart keyboard,119,s
1367,note 10 plus cases,119,s
1442,cancel protection,119,s
1488,no contract,119,s
1884,current bill,119,s
1360,support:verizon cloud - how to use guide,118,s
1385,cloud storage,118,s
1399,hawaii,118,s
1418,current call log,118,s
1489,tethering,118,s
1707,spam calls,118,s
1806,samsung galaxy 10,118,s
1901,moto e5,118,s
1167,change name on account,117,s
1354,stop service,117,s
1368,support:my verizon app how to add travelpass,117,s
1369,support:prepaid travelpass faqs,117,s
1370,support:verizon up rewards faqs,117,s
1371,support:what is the verizon up nfl redzone offer?,117,s
1432,late fee,117,s
1490,moto e4,117,s
1561,iphone 11 clear case,117,s
1583,samsung galaxy buds,117,s
1600,employer discounts,117,s
1601,g7 power,117,s
1693,11pro max,117,s
1740,memory card,117,s
1777,range extender,117,s
1372,ue boom,116,s
1378,support:share name id faqs,116,s
1443,iphone 8 plu,116,s
1571,data history,116,s
1678,iphone8plus,116,s
1261,delete a device,115,s
1379,iphone 11 pr,115,s
1386,community:can i get a military discount?,115,s
1741,my plan and services,115,s
1790,razer phone 2,115,s
1902,samsung tab,115,s
1391,support:what is caller id?,114,s
1400,samsung wa,114,s
1639,senior citizen discount,114,s
1822,8800l,114,s
1401,community:how much would a mobile hotspot cost?,113,s
1538,reset voicemail,113,s
1649,car chargers,113,s
1708,samsung galaxy note 10 plus,113,s
1742,employment discount,113,s
1410,community:how do i use verizon cloud?,112,s
1466,past statements,112,s
1614,coverage maps,112,s
1679,how do i block a number,112,s
1807,iphone 10xr,112,s
1361,minutes usage,111,s
1419,community:how do i change my bill due date?,111,s
1420,"community:robo calls , how do i stop them?",111,s
1500,iphone 11 pro max phone case,111,s
1836,deactivate phone,111,s
1885,ipone 11,111,s
1421,view text usage,110,s
1433,support:how many account managers can i assign?,110,s
1434,support:what is a lost/stolen suspension?,110,s
1491,alcatel go,110,s
1823,block text,110,s
1995,forwarding,110,s
1292,galaxy book 2,109,s
1467,apple iphone xs max,109,s
1539,apple wat,109,s
1572,voicemail full,109,s
1763,international travel plans,109,s
1824,auto payment,109,s
1090,deleted texts,108,s
1298,how to cancel a line,108,s
1456,support:start unlimited - new data plan faqs,108,s
1457,community:where do i find the forms for my rebate?,108,s
1458,support:how to activate your device,108,s
1468,iphone 7 pl,108,s
1525,text records,108,s
1573,apple iphone 6,108,s
1725,unlock sim,108,s
1791,report stolen phone,108,s
1469,support:how do i transfer a line of service to my account when i want to accept ownership of it?,107,s
1470,community:how do i redeem my e-gift card?,107,s
1471,community:can i remove a device online?,107,s
1472,support:what is beyond unlimited?,107,s
1473,community:can i get paper billing?,107,s
1474,support:verizon cloud faqs - sync & back up content,107,s
1562,note 10+ cases,107,s
1793,pro max cases,107,s
1869,block calls and messages,107,s
1903,gift card balance,107,s
1942,file insurance claim,107,s
1961,i phone 11 max,107,s
1299,usage history,106,s
1475,iphone 11 pro m,106,s
1492,support:how can i pay off the balance of my device payment agreement?,106,s
1493,support:my media retrieval,106,s
1509,nokia 3v,106,s
1510,visual voice mail,106,s
1640,hum x,106,s
1650,blocking a number,106,s
1726,vz media,106,s
1743,marvel,106,s
1837,pending order,106,s
1925,i phone 6 plus,106,s
1422,mycloud,105,s
1501,community:how to view call details?,105,s
1502,community:how do i check for a good imei?,105,s
1503,support:how do i get verizon messages (message+)?,105,s
1651,ultimate ear,105,s
1694,add a phone,105,s
1764,promise pay,105,s
1794,activate esim,105,s
1795,assign account manager,105,s
1825,go flip,105,s
1838,my media,105,s
1886,activating new phone,105,s
1926,travel to canada,105,s
1962,unlock code,105,s
1974,iphone 6s case,105,s
1511,community:how do i find live chat?,104,s
1512,support:my verizon app view order status,104,s
1513,support:setup or change account pin faqs - security code,104,s
1540,iphone 11 p,104,s
1602,law enforcement,104,s
1641,mastercard,104,s
1666,view text history,104,s
1826,one plus 7,104,s
1856,cradlepoint,104,s
1927,prepaid activation,104,s
1963,manage smart family,104,s
1526,support:can i set a limit for data usage with usage controls?,103,s
1709,senior citizen,103,s
1796,digitalrebatecenter,103,s
1975,headphone adapter,103,s
1033,veiw usage,102,s
1541,"support:activate, switch or bring your own device (byod) faq",102,s
1542,support:how can i access the documents &amp; receipts page?,102,s
1543,community:can i split the cell bill so everyone pays their own?,102,s
1839,apple 8 plus,102,s
1905,add manager,102,s
1928,galaxy s9 plus,102,s
1976,caller id name,102,s
1996,setup new phone,102,s
1997,lifeline,102,s
1553,support:can i remove a line or convert a line on my prepaid family account to a single-line account?,101,s
1554,community:how do i get the veterans discount?,101,s
1615,mods,101,s
1778,tile,101,s
1929,home connect,101,s
1411,versa 2,100,s
1514,total mobile protect multi-dvc,100,s
1563,support:what is the upgrade fee?,100,s
1564,support:block / unblock numbers android,100,s
1565,support:find your 4g sim pin / puk - unlock sim,100,s
1566,community:how do i block callers?,100,s
1584,terminate service,100,s
1616,text messages online,100,s
1977,adding a line,100,s
1051,s10 cases,99,s
1373,pre-owned,99,s
1412,google home mini,99,s
1555,a10e case,99,s
1658,pixel 3a xl,99,s
1680,shared name id,99,s
1727,duraforce,99,s
1797,cancel phone line,99,s
1808,view previous bill,99,s
1840,motorola g6,99,s
1978,a50 case,99,s
1345,iphone xr prepaid,98,s
1585,support:device protection & insurance - replace or repair devices,98,s
1586,support:what is verizon's return policy?,98,s
1587,support:compare verizon unlimited plans - new data plans,98,s
1588,support:how do i add family members to my verizon smart family account?,98,s
1617,smart locator,98,s
1765,block texts,98,s
1527,activate new sim,97,s
1603,community:am i eligible for senior and veteran discounts?,97,s
1604,community:is the autopay discount monthly?,97,s
1605,support:how much does total mobile protection multi-device cost?,97,s
1606,support:how do i use call filter?,97,s
1710,cases for iphone 11 pro max,97,s
1744,print bill,97,s
1943,sim card replacement,97,s
1944,final bill,97,s
1476,compare iphones,96,s
1515,bill overview,96,s
1618,community:how can i see my call log?,96,s
1695,apple iphone 7 plus,96,s
1766,i phone11,96,s
1809,reconnect service,96,s
1887,google pixel 3xl,96,s
1254,numbers called,95,s
1589,pre owned iphone,95,s
1629,support:how do i remove products and services from my account?,95,s
1630,support:how can i check my data usage?,95,s
1642,paper free billing,95,s
1711,activate travel pass,95,s
1841,chat live,95,s
1870,galaxy s10 case,95,s
1871,bring my own device,95,s
1888,boosters,95,s
1998,online messages,95,s
1556,recent order,94,s
1567,replace sim card,94,s
1643,support:what is the documents &amp; receipts page?,94,s
1644,community:how do i trade in my device?,94,s
1645,community:how do i cancel an order?,94,s
1652,samsung note 10 plus,94,s
1712,block a phone number,94,s
1728,family safeguard,94,s
1889,pay by phone,94,s
1930,change sim card,94,s
1979,parental,94,s
1653,support:how do i send a text from the verizon messages page in my verizon?,93,s
1654,community:how do i change account managers?,93,s
1681,add international plan,93,s
1827,my data,93,s
1890,wall charger,93,s
1655,galaxy a50 case,92,s
1659,support: 200 prepaid mastercard port-in promotion faqs,92,s
1660,community:how do i know if i have asurion insurance for my cell phones?,92,s
1661,support:how to view usage on your bill â get a call log,92,s
1662,support:how do i get a promotional value for the device trade-in program?,92,s
1767,due date,92,s
1842,educator discount,92,s
1891,change billing date,92,s
1504,find my order,91,s
1667,support:what's the annual upgrade program for iphone?,91,s
1668,support:5g mobile faqs,91,s
1669,support:activate ringback tones,91,s
1682,support:how do i change my share name id?,91,s
1745,bring your own,91,s
1858,galaxy book,91,s
1557,deleted text,90,s
1631,scheduled payment,90,s
1683,support:can i view text message usage for my account online?,90,s
1684,community:international travel,90,s
1685,support:international services - support overview,90,s
1872,galaxy s10 5g,90,s
1945,appointments,90,s
1696,support:what is verizon messages (message+)?,89,s
1697,"support:september buy one, get one promotions",89,s
1698,community:how do i cancel call forwarding?,89,s
1810,track an order,89,s
1713,support:who can claim a reward? who can use a reward?,88,s
1714,support:how to upgrade your device - check upgrade eligibility,88,s
1715,support:domestic roaming faqs - coverage maps,88,s
1716,support:what is wi-fi calling?,88,s
1811,block phone numbers,88,s
1812,prepaid jetpack,88,s
1892,s5e,88,s
1947,tab s5e,88,s
1729,community:family base,87,s
1730,community:how do i change my credit card information when i pay my bill?,87,s
1731,community:how do i apply for my company discount?,87,s
1732,community:how do i reactivate my employee discount?,87,s
1733,support:how do i change my voicemail password?,87,s
1746,how to block calls,87,s
1747,end service,87,s
1779,cancel mobile protection,87,s
1813,iphone7plus,87,s
1632,remove device from account,86,s
1748,support:how to change your plan,86,s
1749,support:my verizon website print text messages,86,s
1843,view current usage,86,s
1931,switcher,86,s
1964,turn off find my iphone,86,s
1413,limit data usage,85,s
1893,xs max cases,85,s
1980,report lost phone,85,s
1999,detailed bill,85,s
2000,xperia,85,s
1780,community:how do i return a device?,84,s
1798,international usage,84,s
1814,apple w,84,s
1768,device usage,83,s
1844,iphone 8 p,83,s
1894,see my bill,83,s
1769,restore text messages,82,s
1815,community:switching devices,82,s
1816,support:does call forwarding also forward text messages?,82,s
1828,reset my pin,82,s
1845,add international calling,82,s
1734,billing statements,81,s
1829,"support:where can i view my current usage for data, minutes and messages?",81,s
1830,support:set up voicemail,81,s
1831,community:how do i promise a bill pay?,81,s
1505,send a text online,80,s
1544,how to cancel insurance,80,s
1670,note 10 plus screen protector,80,s
1846,support:how can i change my auto pay payment date?,80,s
1847,support:international long distance faqs - call from inside the us,80,s
1873,total mobile protect,80,s
1770,bill pdf,79,s
1859,support:switch to verizon - port your number faqs,79,s
1860,support:how can i get more data?,79,s
1861,support:how can i pay off my device payment agreement?,79,s
1862,support:how much does verizon smart family cost?,79,s
1863,support:can i use my mobile device while i’m on a cruise ship?,79,s
1459,drones,78,s
1874,support:i’m a military spouse. can i apply for the military discount?,78,s
1875,community:how can i get a copy of the purchase receipt?,78,s
1876,support:how do i get device protection?,78,s
1877,support:what's a data boost?,78,s
1895,support:how do i add mobile hotspot to my account?,78,s
1771,change bill due date,77,s
1799,chromecast,77,s
1896,community:how do i activate a sim card?,77,s
1897,support:how much does a jetpack cost?,77,s
1898,community:how to remove a device from my plan?,77,s
1607,my pin number,76,s
1750,megaboom,76,s
1907,support:how do i use my device dollars?,76,s
1908,support:my verizon alerts & notifications faqs,76,s
1909,support:verizon smartphone & fios combined promo | 200 bill credit,76,s
1910,support:apple iphone activate a new iphone,76,s
1911,community:how do i unblock numbers?,76,s
1912,community:how can i unlock my device?,76,s
1913,support:content transfer center,76,s
777,my verizon messages,75,s
1817,versa,75,s
1899,iphone 7 plu,75,s
1932,community:forgot password,75,s
1965,flip p,75,s
1981,turn off data,75,s
1300,galaxy s9 case,74,s
1948,support:how do i check the status of an order online?,74,s
1949,support:ring tones & ringback tones - terms & conditions,74,s
1950,support:can i bring my own compatible phone?,74,s
1951,support:how do i swap numbers between 2 devices on my account?,74,s
1952,community:how do i back up my iphone?,74,s
1953,support:what is the 200 prepaid mastercard port-in promotion?,74,s
1954,support:what is call forwarding?,74,s
1878,usages,73,s
1966,support:verizon call forwarding faqs,73,s
1967,samsung w,73,s
1968,support:how do i use a claimed reward?,73,s
1982,add travelpass,73,s
1255,freebee data,72,s
1751,referral program,72,s
1983,community:cloud,72,s
1984,community:how do i add a discount from my employer?,72,s
1985,community:where do i locate the call log?,72,s
1986,community:how do i sign up for paper-free billing?,72,s
1987,community:how do i cancel a scheduled payment?,72,s
1988,community:how do i change my ringback tone?,72,s
1989,support:verizon messages plus (message+) faqs - texting app,72,s
1568,empty trash,71,s
1781,view text online,71,s
1990,family safeguards and controls,71,s
1752,list of calls,70,s
1671,remove mobile protection,69,s
1848,cancel call forwarding,69,s
1933,minute usage,69,s
1494,early termination,68,s
1444,block restricted calls,66,s
1782,apple iphone 11 pro max case,66,s
1914,turn off voicemail,65,s
1800,retrieve text messages,64,s
1686,shipping address,63,s
1864,cloud contacts,62,s
1818,remove total protection,61,s
1915,galaxy note 10 plus case,61,s
1934,see texts,60,s
1955,moto z4 cases,60,s
1445,read text message,57,s
1783,kyocera duraxv lte,56,s
1672,cancel phone insurance,55,s
1935,dex,53,s
1969,freebee,43,s
1608,iphone xs/x,31,s
1916,text message read,24,s
1516,how to reset my password,8,s
31,apple watch,36215,x
10,apple watch series 5,28864,x
32,apple watch series 4,12913,x
121,watch,7157,x
62,gizmowatch,5232,x
224,apple watch series 3,3997,x
173,samsung watch,3095,x
159,smart watch,2605,x
196,galaxy watch,2504,x
125,samsung galaxy watch,2397,x
211,gizmo watch,1957,x
276,iwatch,1795,x
436,i watch,1681,x
666,kids watch,1638,x
386,watches,1559,x
334,series 5,1195,x
490,apple watches,1191,x
406,apple watch 5,1173,x
452,apple watch 4,1140,x
596,apple watch 3,1039,x
543,series 4,564,x
812,smartwatch,510,x
828,iphone watch,496,x
704,series 3,470,x
683,samsung smart watch,454,x
956,gizmo gadget,419,x
762,samsung watches,414,x
1957,kid watch,318,x
1308,smart watches,273,x
1009,samsung smartwatch,233,x
1194,android watch,224,x
1449,applewatch,209,x
1496,iwatch 5,180,x
1451,apple watch nike,164,x
1245,watch 5,162,x
1738,apple watch series,157,x
988,ticwatch,152,x
1625,galaxy smart watch,132,x
1523,watch series 5,124,x
1792,apple watch series 5 nike,107,x
1904,iwatch 4,106,x
1906,galaxy watches,97,x
1857,galaxy smartwatch,93,x
1946,smartwatches,89,x